rank,title,author,rating,num_reviews,price,url,description,publisher,publication_date
1,My Guide Dog is a Wolf Shifter,Roxie Ray,,121,$4.95,https://www.amazon.com/dp/B0GR98NZ57,"It started as a terrible plan. Then he caught feelings. Jason needs to disappear. So his friends hand him the worst idea ever: become a guide dog. Violet didn’t move to a quiet little town to become “the brave blind girl.” She came for independence. For a fresh start. For the chance to figure out who she is now after spending the last year rebuilding her life after losing her sight. So when an enormous guide dog named Jason shows up for a trial match, Violet says yes… Then Human Jason knocks on her door. He’s supposedly a cooking instructor for visually impaired clients. He’s charming in a way that should be illegal. And the fact that he shares a name with her dog is the kind of cosmic joke that makes Violet want to fight the universe in a parking lot. Between grocery-store commentary, weekly lessons, and one wildly inconvenient flutter in Violet’s stomach, her world starts getting bigger again. Jason thought he was just choosing the safest place to hide. Violet thought she was just choosing her independence back. Neither of them planned on the part where ‘temporary’ gets complicated.",Special Fiction Books,2026-03-05
2,Dark Alchemy: House of Cards (The Children Of The Gods Paranormal Romance Book 105),I. T. Lucas,,107,$4.99,https://www.amazon.com/dp/B0GJ4G9ZG8,"The traps have been sprung, the secret is out, and the house of cards is falling. As the empire crumbles, Mattie and Dimitri fight for survival and a love that transcends transformation.","Evening Star Press, LLC.",2026-03-07
3,The Wolf King: A Fantasy Romance,Lauren Palphreyman,,63517,$4.99,https://www.amazon.com/dp/B0CFQTT2BV,"When a princess is kidnapped by an alpha, war rages between the humans and the wolves. But soon, forbidden attraction starts to grow. . . Princess Aurora longs to escape the castle and the marriage that has been arranged for her. But on the night before her wedding, at a dog fight where captured werewolves are made to fight for sport, she spares the life of a young wolf. It puts her on the radar of the powerful alpha who was going to kill him. And it changes everything. That night, when the alpha escapes, he kidnaps her and takes her to the rugged lands north of the border — where the once warring werewolf clans are beginning to unite. He thinks that she is the key to winning the war against the humans. Only, as they spend time around one another, forbidden attraction starts to grow. And as Aurora learns that not all wolves are bad, the alpha discovers that she is in danger from both his enemies, and those he once considered friends. With monsters on both sides, a bloodthirsty war between humans and wolves raging, and undeniable passion growing between them — will their story end in love? Or tragedy? And will Aurora ever get home? Does she even want to?",Lauren Palphreyman,2023-09-14
4,Cursed with Benefits,Roxie Ray,,388,$4.95,https://www.amazon.com/dp/B0GQ3BNQY9,"House-sitting a creepy mansion was supposed to be easy—until Nadia accidentally wakes up a grumpy vampire lord who’s now magically bound to her. Step One: Get him to stop calling people “peasants.” Step Two: Convince him that biting is NOT an acceptable form of communication. Step Three: Absolutely, under no circumstances, fall for him. (Oops.) ✨ Perfect for readers who love: – Grumpy/sunshine chaos – Forced proximity that sizzles – Cozy rom-coms with a bite",Special Fiction Books,2026-02-25
5,Crone of Thorns,Amanda M. Lee,,442,$5.99,https://www.amazon.com/dp/B0FMPJVJZM,"Scout Randall is ready for the return of one enemy. What she gets is two for the price of one. Bonnie Jenkins returns in the middle of nowhere, in the middle of the night, and in the middle of a very weird pack of dogs. They’re not wolf shifters, but they’re determined to keep Bonnie separate from Scout. Bonnie’s escape weighs heavily on Scout, but the dogs are a problem, especially when the truth about the arrival becomes clear. The kishi don’t belong in Michigan. They’re from another world. Their motivations are hidden. Their allegiances are unknown. Their goal is the only thing that is clear. They want Scout’s magic. They’ll settle for Bonnie’s magic, too. With that will come total domination. Scout has zero intention of letting them win. She’s outnumbered but not outgunned thanks to her merry band of misfits. It’s all hands on deck for another crazy Hawthorne Hollow adventure. What happens when three enemies collide? Who will come out alive?",WincheseterShaw Publications,2026-03-03
6,Zodiac Academy 3: The Reckoning,Caroline Peckham,,104919,$6.99,https://www.amazon.com/dp/B07XBGJKHQ,"“The answer to your question will be revealed on the Lunar Eclipse. But when discovering the truth, do not let the shadows take you.” Hell Week has begun. Senior students have been tasked with making the freshmen's lives pure torture as we prepare to face The Reckoning - the assessment that will decide whether we stay at Zodiac Academy or lose our places here forever. With the Lunar Eclipse on the horizon, my sister and I have more to worry about than just passing our exams. A dark plot is unfolding and the shadows are drawing closer. It looks like our enemies could be more powerful than we ever realised. Damn, who would have thought being a princess would be this hard?",King's Hollow,2019-10-04
7,Zodiac Academy 2: Ruthless Fae,Caroline Peckham,,112404,$6.99,https://www.amazon.com/dp/B07VJ383S6,"They tried to break us. They almost did. But we're not going anywhere. The Celestial Heirs think the stars are on their side. But they don't know what's coming. We have to be smart. Fighting them one on one isn't an option so we need to be cunning. Remaining under the radar won't be easy, but if we pull it off, they'll never suspect our involvement when their lives start falling apart. Besides, they've already taken us to the brink of hell, what more can they really do?",King's Hollow,2019-08-30
8,Zodiac Academy 5: Cursed Fates,Caroline Peckham,,80988,$7.99,https://www.amazon.com/dp/B08914K4F9,"The stars have cursed us all. After the devastating events at Zodiac Academy, we have to deal with this hollow reality we're faced with. Lionel seeks to destroy us, the Nymphs seek to destroy the entire Fae race, and between all of it, we have to try and survive each day and prove our worth in this forsaken place. I'm afraid of everything falling apart, but it looks like it already has. Death lurks around every corner, and it wants to claim me and my sister. But together, we will overcome the darkness that seeks to defeat us. Because we were forged in fire. And these flames will never die.",King's Hollow,2020-05-20
9,How Not to Kill a Hellhound (Hellhounds of Paradise Falls Book 5),Shannon Mae,,913,$4.99,https://www.amazon.com/dp/B0FTTJQWG6,"Sebbie Life’s pretty good. I love my job, I feed the crows in my yard, and I have some awesome friends. Sure, I was kidnapped by a cult recently, but my friends rescued me, so no harm done. And, okay, people do tend to die around me, but I work in a hospital. That’s normal… right? Death isn’t scary anyway—it’s just another beginning. Unfortunately, most guys I date don’t see it that way. My love life has been pretty empty, but I just met someone new. He’s ridiculously cute and even likes crows. I just hope he’s not scared off when he learns about my job. Corbin I take great satisfaction in removing hellbound souls from the world—especially the ones who prey on the weak. With my pack and my familiar, Crow, at my side, life is steady and peaceful. At least, it was until Sebbie. The cute, bubbly man is far more than he realizes, and he’s about to turn everything upside down. There’s just one little problem: he doesn’t know the supernatural exists… or that he’s a supernatural being. I want to help him harness his powers, but there’s a catch—if I’m not careful, Sebbie might end up killing me in the process. Tags: Crows hold grudges; Death is actually cheerful; Corbin’s as obsessed with shiny things as his birds; The pack shows up to create chaos; Thea is determined to be Sebbie’s new bestie; Jude doesn’t get arrested (or maybe he does?); there’s torture and death (but only of really bad people); hellhounds have tails, and they know how to use them.",,2026-03-02
10,Zodiac Academy 6: Fated Throne,Caroline Peckham,,79249,$7.99,https://www.amazon.com/dp/B088QJ787J,"Fate has torn us apart. Without my sister, the world seems darker than ever before and the shadows loom thicker, rising up to answer the call of the Shadow Princess and changing the face of Solaria for good. Now Lionel Acrux has the strength to make a move for the throne, I’m not sure how much time we have left to stop him. Our only hope is to find the Imperial Star before he does. We made the sacrifice the stars called for and we’re paying the price for that decision so it can’t be for nothing. But with the stars turning against us at every move, and the last light in the world seeming to fade, I’m afraid we’re almost out of time. Hope is a dangerous thing. It’s the key to us fighting on. But it could be what destroys us in the end. One thing is for certain, I won’t stop until I have been reunited with my other half and together we will fight to take our crowns. A war is coming. The throne is calling for a new monarch. And someone must answer its call.",King's Hollow,2020-12-25
11,Zodiac Academy 4: Shadow Princess,Caroline Peckham,,82389,$7.99,https://www.amazon.com/dp/B07YLBYWPD,"The shadows are in my blood. I can feel them crawling through me, slithering under my skin and taking me hostage. But the darkness within me isn't nearly as bad as the darkness that lives around me. The four Celestial Heirs will stop at nothing to destroy the lives of me and my sister. But they haven't figured out yet, that we're the strongest creatures they've ever known. And when that secret comes out, we need to be ready to face them as well as any other cruel Fae who rises against us. It’s us or them. And it damn well won’t be us.",King's Hollow,2020-01-13
12,Moon Cursed Complete Series,Alexis Calder,,58,$0.99,https://www.amazon.com/dp/B0CTYTZKNP,"They tried to break me. Now I’m going to break them. Cursed to never shift, the only thing I was looking forward to about the First Moon Ceremony was that the magic sealing me into Wolf Creek would break, and I could finally leave. Instead, the ceremony reveals my true mate: Tyler Grant, future leader of my pack and the man responsible for my most recent concussion and black eye. He’s as brutal as he is handsome and fate is cruel to put us together. There’s a rumor that a mating bond could break my curse and just as I’m getting my hopes up, Tyler destroys them all. Instead of bonding with my mate, I’m beaten and left for dead. A hot-as-sin feral shifter finds me and helps me back on my feet. But his help comes with a cost and I’m not sure I’m willing to pay the price. With my former pack hunting me down, even an enemy might be a better ally than trying to stay alive on my own. This is the complete series and includes all three books:",Illaria Publishing,2024-03-01
13,Obsidian (Shadowbound Fae Book 1),K.F. Breene,,11321,$4.99,https://www.amazon.com/dp/B0F3LP475Y,"You are mine now. Mine to play with. Mine to break. He is secrets, danger and passion. He is forbidden sin. And now he holds the key to destroy all I hold dear. The Dark Fae never told me his name. Not when he tried to seduce me, and not before he purposely botched one of my jobs and stole what was mine -- a dangerous relic with unlimited power. It has the ability to break kingdoms… and tear down the wall that separates the human world from the dangerous, wyld magic of the fae. He knows that I will do anything to protect my family. Even follow him beyond the wall, into his lands. Mortals aren't allowed in the Obsidian Kingdom. Those who're caught are killed…or turned into captives. Playthings of the Dark King and his royal family. That's what the Dark Fae wants: to turn me into his toy. To play with. To break. But I'm not the kind of toy he's used to. I will play the games of lust and passion so that I can learn the rules. So that I can break them. And then I will take back what is mine and claim my revenge. Not all mortal women are delicate flowers--some have thorns. ~*~*~*~*~*~*~*~*~*~",,2025-07-08
14,Forged in Blood: A Dark Paranormal/ Fantasy romance (Broken Bloodlines Book 1),Sadie Kincaid,,34441,$5.99,https://www.amazon.com/dp/B0CQ8TCHC9,"A dark paranormal/ fantasy romance from bestselling author, Sadie Kincaid. Every few millennia, a child is born. Some say they’re marked with a curse. Others claim they possess the power of the ages. Meet Ophelia Hart. Lover of classic literature and unicorns. An orphan with nobody in her corner—no family, no friends. But it’s her loneliness that fuels her life’s ambition to become a social worker and help the forgotten children just like her. For a foster kid with only slightly above-average grades, it feels like a pipe dream. Except it seems that someone is looking out for Ophelia after all. When an unexpected opportunity to attend Montridge University arises, she thinks her life is finally taking a turn for the better. Too bad she comes to the attention of the three ruthless, arrogant commanders of the Ruby Dragon Society. Three of the most feared and powerful vampires on campus.",Red House Press Ltd,2024-10-22
15,The Nanny and Her Alphas: An Omegaverse Reverse Harem Romance (Knotted and Claimed Standalone Series),Layla Sparks,,191,$4.99,https://www.amazon.com/dp/B0FVTSJ2NY,"""I killed your fathers."" Her mother's betrayal only makes Francine jump at the chance at leaving her mother's apartment to work at her new babysitting assignment. She never expected to live in a home of four billionaire alpha brothers who look at her like she's their next meal. Kieran. Rowan. Drake. Elias. Hired to care for their eight-year-old sister, Francine steps into a world of luxury, dominance, and irresistible pull. Kieran, the pack leader, immediately sets hard rules: no brother is to be alone with her. But when she suddenly goes into heat... no alpha can resist a pull of an omega, even the pack leader who supposedly hates her.",,2026-02-28
16,Zodiac Academy 7: Heartless Sky,Caroline Peckham,,64358,$8.99,https://www.amazon.com/dp/B08R14G8QV,"The winds of fate are shifting. And it finally seems like they’ve been twisted in our favour. On the run and cast out from society, we’ve been forced to hide from the mad man who stole our throne. But as more secrets come to light and my sister and I work harder than ever before to reach our potential and claim our birth right, the end is finally drawing closer. There is no turning from this path now. The curse chases on our heels as time rushes by and the blood drenched destiny of the man I love looms ever closer just like the monster who stole our throne. We must prepare for the final battle, but three things are clear now. The cards have already been dealt. Blood will spill for a new future to rise. And the stars themselves can’t help us. The fight for the throne is upon us. All hail the heartless sky.",King's Hollow,2021-12-18
17,Kiss of the Basilisk: A Split or Swallow Novel,Lindsay Straube,,27738,$8.25,https://www.amazon.com/dp/B0DMX89R8T,"From internet sensation Lindsay Straube comes the first in a searing romantasy series where survival demands submission, and desire is the most dangerous game of all. Temperance Verus has never been kissed—not exactly ideal for a girl competing in the palace's most closely watched matchmaking ritual. Every year, a select group is invited to bond with the realm's magical basilisks and train in the art of charm, poise, and influence. The prize? A chance to win the prince's favor—and a life of privilege. Tem expects rules, gowns, and etiquette. She doesn't expect her assigned partner to be Caspen—the Serpent King, commanding, mysterious, and anything but safe. As he pushes her to unlock the strength she never knew she had, Tem finds herself drawn into something deeper, stranger, and far more powerful than royal approval. But not all bonds are built for the court, and some secrets are meant to break them. Readers call it ""feral, spicy, and unforgettably bold."" For fans of morally grey monsters, slow-burn fantasy romance, and stories that subvert the fairytale script.",Bloom Books,2025-02-25
18,"Immortal by Morning: An Argeneau Vampire Romance Where a Detective Finds Murder, Mystery, and His Destined Life Mate (An Argeneau Novel Book 37)",Lynsay Sands,,1899,$1.99,https://www.amazon.com/dp/B0DL9V9M5S,"Being an immortal rogue enforcer is never easy. But when human bones are found buried in a residential garden—and they happen to be discovered by your life mate—things get even more complicated in this latest paranormal romance installment of New York Times bestselling author Lynsay Sands’s wickedly alluring Argeneau vampire series. Crispinus Delacort is an immortal rogue enforcer and a homicide detective. But in his quiet city, he’s more likely to be rounding up truant teens than investigating murders. So, when he learns that human bones have been found in the garden of a sprawling rural home, kicking off a paranormal mystery, it’s unexpected to say the least. Abril Newman can’t believe her bad luck when she discovers a body buried on the grounds of her boss’s home, while chasing after Gina’s mischievous lab Lilith. She was just supposed to be house-sitting for a few days! And then Detective Delacort arrives. She knows she shouldn’t be thinking about love when there’s a crime scene outside the door. But ignoring her instant, fated mates attraction to gorgeous Crispin is easier said than done. When Crispin realizes that a rogue is involved in this steamy romance, he knows this won’t be a simple investigation. Especially because he’s so distracted by Abril’s presence that all he wants is to kiss her senseless in every room of the manor. But he can woo her, solve the case, and stop a dangerous rogue by morning...right? All in a day’s work.",Avon,2025-07-29
19,The Lies that Summon the Night: A Novel,Tessonja Odette,,279,$1.99,https://www.amazon.com/dp/B0FJX47F4X,"Lies, beauty, and seduction mingle in the first book of an enthralling romantasy series where making art is considered a sin, and the shadows born from it aren't the only danger to the creators—from the bestselling author of Curse of the Wolf King. “Tessonja Odette has crafted a gorgeous, fast-paced tale of revenge and heartbreak while giving us a spicy, swoony romance that is sure to have you lusting until the very last page.”—Nisha J. Tuli, author of Trial of the Sun Queen From the art of liars, the monsters came . . . Ever since art gave life to bloodthirsty shadows, creative works have been forbidden and talented creators sacrificed to the Sinless—the immortal royals who feast on human blood in return for their protection. Inana’s secret storytelling nearly got her killed once, and she’ll be damned if she’s ever caught again. With a bounty on her head, she keeps to the city’s dark underbelly, where she earns a meager living from thrill-seeking patrons desperate to hear her illicit fiction. Until Dominic, a Shadowbane, catches one of her performances. Dominic is a half-Sinless monster hunter as fearsome as his prey. But to complete his hunt, he needs an artist to summon the shadows . . . he needs Inana. Dominic delivers an ultimatum: Serve him or he’ll claim her bounty. When survival is all Inana has left, the choice is clear—at least until she can betray him and leave him for dead. As their tense alliance leads them into the heart of danger, dark secrets unravel—about eac",Dell,2026-02-03
20,"Eyes of Devious Burgundy: Deathcaller Duet, Book 1 (An Age of War and Prophecy)",Lacey Lehotzky,,3293,$8.99,https://www.amazon.com/dp/B0DJSCN35B,"In the midst of war, love might be the deadliest weapon of all. For ten long years, Angels and Demons have waged a brutal war, with one man standing between the Demons and total annihilation: Rokath, the cruel and merciless general feared for his power to raise the dead. A prophecy whispers of a woman with eyes of devious burgundy who will shift the balance of power, but Rokath has plans of his own. After a deadly plague wipes out millions of Demons across the realm, Rokath issues an unforgiving command—every family must send one male to the front or face being put to the sword. Assyria, a sharp-tongued, burgundy-eyed farmgirl, is trapped in an abusive marriage to a nobleman who only values her for the power she could give their offspring. Her life unravels when Rokath’s soldiers arrive with the decree. A violent clash leaves her covered in blood—and running for her life. With her rare magic, she assumes the form of her slain husband and marches off to war, hiding among the very men she’s sworn to hate for killing her family. In a society where women must remain veiled and pure, Assyria's survival hinges on secrecy. Yet nothing can prepare her for the sharp, sinister gaze of Rokath, whose punishments for disobedience are swift and savage.",The Lehotzky Group LLC,2025-02-27
21,Undeniably His Mate,Roxie Ray,,891,$9.95,https://www.amazon.com/dp/B0GFVSDGNJ,"The moment I scent her, everything in me goes still. Not because she’s beautiful—though she is. Not because she’s hurt—though the blood on her skin makes something savage in me rise. But because that blood carries a truth she doesn’t know: She’s not human. And she’s mine. She wakes afraid, confused, certain she’s just an ordinary woman who got caught in the wrong place at the wrong time. I wish she were. It would make protecting her easier. It would make walking away possible. But nothing about her is ordinary—not her scent, not her presence, not the way my wolf reacts when she looks at me. My pack feels it too. So do the ones hunting her. Someone wants her dead because of a past she can’t remember, a bloodline she doesn’t know she carries, and a legacy that should have died generations ago. I don’t know the full truth yet. I only know this:",Special Fiction Books,2026-01-09
22,Stalked by Seduction and Shadows (Eternal Obsession Book 1),Maggie Sunseri,,9053,$4.99,https://www.amazon.com/dp/B0CQRD3V1Y,"A dark stalker fantasy romance in a city of warring vampire clans, perfect for fans of Haunting Adeline, From Blood and Ash, and Gild. Scarlett I am an object of desire. My powers of seduction are my survival, my weapon, and my curse. I’m no stranger to obsession, but for the first time, I crave it. I love when he watches me, follows me, hunts me. In the mortal lands, I was safe from him. Navigating a city of ruthless vampires to save my sister from the human slave trade was already treacherous. But with the ruling vampire lord’s unrelenting focus on me, I fear his shadows might never let me go. Rune I’ve always watched her. But now I more than desire her; I thirst for her. She is my addiction, my soul, my Little Flame. I tried to let her go, but she found her way back to me, and I’ve taken that as permission. I’ll claim her in front of the whole world if that’s what it takes to protect what’s mine.",,2024-01-11
23,The Tyrant Alpha's Fated Chase: A Fake Marriage Forbidden Love Wolf Shifter Romance,Jennifer Eve,,557,$2.99,https://www.amazon.com/dp/B0G4D3BWPC,"I spent one forbidden night with my fiancé’s brother—my fated mate. Five years later, I walked into his wedding. Worse? He's my new boss, and my secret baby daddy. I was the cursed Omega no one wanted, bullied by my sisters, shamed by my father, treated like a stain on the pack. Becoming the Regent’s wife was supposed to be my only way out— until my wolf chose his brother instead. Hayden Drake. Cold. Dangerous. Feared. My fated mate. He carried me through my first shift, kissed me like fate had claimed us, then threw me away by morning. So I ran—pregnant. I rebuilt my life in a new pack, built a career I loved— Until I walk into a wedding…and the groom is my son’s father. And Hayden? He cancels the marriage. then buys my entire company just to corner me in his office. The bond still burns between us, but I’m hiding one truth about our baby. And my real identity?",,2025-12-10
24,The Silversmith: A totally addictive fantasy romance (The Selvaren Book 1),LJ Claren,,9991,$4.99,https://www.amazon.com/dp/B0FV6P4B9M,"“I am absolutely FLOORED… I beg you to READ THIS ONE… I was immediately hooked and finished this book in a day and a half… THE EMOTIONAL DAMAGE… Had me sitting up straight in bed, speechless, feeling a literal ache in my chest… I am going to be thinking about that ending for DAYS… Go read this!!!” Goodreads reviewer, ⭐⭐⭐⭐⭐ She was born to save this world. But falling in love will destroy it. Still reeling from the mysterious deaths of her father and brother, Ary Gold survives only by sheer will in the icy wilds of the North. But when strangers arrive with stories of long-lost magic, Ary is thrust into a fate far larger than her sorrow. The realm of Nyrida is under threat. An ancient shadow wielder has risen, determined to plunge the world into corrupted darkness. And Ary is the only one who can stop him. They say she has royal blood. That magic runs in her veins. That she is already promised in marriage—to a powerful commander whose army is her only hope of winning the coming war. But her fiercest challenge will not be on the battlefield… Assigned to shape her into a warrior is a man cloaked in violence and secrets. Cold, arrogant, and maddeningly unreadable, he isn’t her betrothed—but he may be her undoing… Ary is powerless to resist the impossible attraction building between them. Will she follow her destiny? Or risk everything for a love as wild and dangerous as the power that’s awakening inside her?",Second Sky,2025-10-14
25,Destined Mate (Twisted Fate Trilogy Book 1),Jen L. Grey,,10884,$4.99,https://www.amazon.com/dp/B0CBQWL5XY,"Fate stripped everything from me and forced me to face my worst nightmare. As the adopted and weakest member of my pack, I’ve always been an outcast and mistreated, especially since I've never been able to shift into my animal form. Every time I try to find a way to escape my personal hell, my pack leader stops me, vowing that I'll never be free from him. Then the worst happens. A group of my pack members attack me. Alone, outnumbered, and stuck in my human form, I'll fight for my life even though there’s no hope for survival. Until a group of unfamiliar wolves come to my aid. The sexiest and strongest of them, Bodey, is adamant to protect me. And something inside me tugs toward him almost unnaturally. But it turns out things aren't what they seem. There might be something more to my past than I knew . . . and Bodey might be the very person I need protecting from.","Grey Valor Publishing, LLC",2023-09-14
26,Riftborn: A Post Apocalyptic Urban Fantasy (Of Sorrows and Blades Book 1),Shannon Mayer,,,$4.99,https://www.amazon.com/dp/B0GQJJ2533,"I do not know my name. I do not know how I ended up in a world of broken continents and broken souls. What I do know is how to survive. How to fight. How to kill monsters with a precision that borders on magic. My memories are gone, stripped down to ash, but my body remembers things my mind cannot. Training. Instinct. Violence refined into something lethal and elegant. And beneath it all, a relentless drive to uncover the truth of who I was. One man stands in my way. Veyyr. His magic is unlike anything I’ve ever encountered, and the pull between us is undeniable. He knows me. Knows my past. Knows the name I no longer remember.",Hijinks Ink Publishing,2026-02-27
27,The Alpha King's Queen: A Rejected Mate Werewolf Romance,Eloise Benjamin,,3663,$2.99,https://www.amazon.com/dp/B0DKXV4W7G,"Gathering of the Eastern Packs. A mandate I cannot refuse. And one that changes my life forever. Ava I’m a rogue. Happily have been since the age of eighteen when my mate, and the Alpha of my old pack, rejected me. Living amongst the humans for the last nine years with my bestie and staying far away from the werewolf world that showed me nothing but abuse and heartache changes with one event and one sniff. The King of the Werewolves, my second chance fated mate… strong, dominant, and the sexual tension between us is off the charts. But with wet panties comes the bubbling up of long-hidden secrets and a man I would rather forget, The Butcher. I have something he wants, and he will stop at nothing to get it. Braiden At thirty-four years old and still, with no fated mate in sight, I have finally chosen my Queen, a carbon copy of my mother. Until I scent her. My mate, the white wolf, is an exact match to my black one. She just has to realize it. My Queen wants none of this world, her past standing in our way, along with secrets that reveal our connection long before now. With every fiery interaction, I can feel her resistance crumbling. Soon, she will see that there is no escape. She is",Eloise Benjamin,2024-10-31
28,Swipe Right on Fate,Roxie Ray,,2720,$4.95,https://www.amazon.com/dp/B0GJ79LTJ6,"He’s a vampire who never fit in. She’s a werewolf with no wolf. He’s lonely. She’s done settling. And for once, a human dating app feels like a level playing field. Then ByChance throws them together as a “PERFECT match”… and fate immediately starts getting in the way. But when their first date goes sideways and his “normal guy” act melts away, they’re forced to face the truth: love doesn’t care if you fit in. It cares if you’ve finally found someone who sees you. Perfect for readers who love: – Paranormal rom-coms with heart – Outcasts finding home in each other – Cozy chaos & laugh-out-loud chemistry – Valentine’s Day vibes with fangs and fur",Special Fiction Books,2026-01-22
29,Zodiac Academy 9: Restless Stars,Caroline Peckham,,37785,$8.99,https://www.amazon.com/dp/B0CHS9CQT8,"Orphans. Changelings. Princesses. Queens. We are all and nothing now, our fate weighed on the scales of the stars and counterbalanced by the forces that oppose us. The shadow of the false king spreads as thick as oil across the kingdom we were born to rule, and none remain untouched by its darkness. Our crowns lay within reach if only we can claim them. All souls are at risk now and when the final battle dawns, a new regime will rise. The time for the true reckoning is upon us and we have proven ourselves as savage as our father, as brutal as our mother, and as wild as the Elements which roar through our veins. We can only hope it is enough. When the last sword strikes the final death in this game of fate and fortune, only one side will be victorious. The Starfall Legion charges at first light. And our destiny rides upon our shoulders as we rush into the end. All hail the True Queens. May our rule last longer than this night.",King's Hollow,2024-04-23
30,Beast Business,Ilona Andrews,,2847,$5.99,https://www.amazon.com/dp/B0GKJ2ZQFD,"A thrilling novella by #1 New York Times bestselling author Ilona Andrews, set in the spellbinding Hidden Legacy World. Show as little as possible. Make them think that illusion is all you have. Your life depends on it. Augustine Montgomery is an Illusion Prime, the highest rank of magic user. The people who have seen his real face can be counted on the fingers of one hand. The people who've witnessed the full extent of his power are dead. Illusion isn’t just his brand of magic. It’s become his lifestyle. One day Diana Harrison walks into the office of Augustine’s premier PI corporation. Diana is also a Prime, a mage who bonds with animals through her magic and prefers their company to humans. Something precious has been stolen from House Harrison. Something Diana must recover at all costs before it perishes. Augustine is cold, rational, and calculating. He doesn’t get emotionally involved, but something about Diana disturbs the careful balance of Augustine’s inner world. She asks for his help, and he can’t refuse. Neither Augustine nor Diana are who they appear to be. Both would die to keep their secrets. But the enemy they face is unimaginably powerful, and saving the life at risk will demand the ultimate price, one neither ever expected to pay – complete honesty.",NYLA,2026-01-29
51,Eldrith Manor,Leigh Rivers,,2044,$4.99,https://www.amazon.com/dp/B0FDF3H3CD,"ONE GHOST. ONE DEMON. ONE HAUNTED MANOR. The Ghost What happens when someone accidentally summons a demon? They die and become a ghost. I didn’t believe in Heaven or Hell. I thought the pain would stop, and I’d taste sweet oblivion. But I was wrong. Hell does exist. It’s not just a place, but a person too. His name is Lynx. Night after night, day after day, I try to escape and break free of the cage I’ve been damned into. I can’t hide from him, and he can’t outrun me. I’m trapped in the manor with the monster who killed me. The Demon Be careful who you steal from. They might just come for your soul.",Leigh Rivers & Avina St. Graves,2026-02-04
52,The Crown of Gilded Bones (Blood And Ash Book 3),Jennifer L. Armentrout,,70232,$8.99,https://www.amazon.com/dp/B08NS24X2T,"Bow Before Your Queen Or Bleed Before Her… From #1 New York Times bestselling author Jennifer L. Armentrout comes book three in her Blood and Ash series. She's been the victim and the survivor… Poppy never dreamed she would find the love she’s found with Prince Casteel. She wants to revel in her happiness but first they must free his brother and find hers. It’s a dangerous mission and one with far-reaching consequences neither dreamed of. Because Poppy is the Chosen, the Blessed. The true ruler of Atlantia. She carries the blood of the King of Gods within her. By right the crown and the kingdom are hers. The enemy and the warrior… Poppy has only ever wanted to control her own life, not the lives of others, but now she must choose to either forsake her birthright or seize the gilded crown and become the Queen of Flesh and Fire. But as the kingdoms’ dark sins and blood-drenched secrets finally unravel, a long-forgotten power rises to pose a genuine threat. And they will stop at nothing to ensure that the crown never sits upon Poppy’s head.",Blue Box Press,2021-04-20
53,How To Tell If Your K-9 Is A Demon: A Paranormal Romantic Comedy,Trista Ricketts,,379,$5.99,https://www.amazon.com/dp/B0GCPQH68P,"⭐ Initial Reader Reactions 💬 “Laugh-out-loud funny with witty, slightly unhinged banter.” 💬 “Lighthearted and gritty with twists I didn’t see coming.” 💬 “Perfect rom-com energy with just enough spice.” 💬 “If you love the TV show Lucifer and its vibes, this absolutely delivers.” She went to adopt a K-9 partner. She did not mean to adopt a demon. Officer Kelly “Chuck” Charles thought choosing her new K-9 would be straightforward. Obedient. Loyal. Not possessed by ancient evil. She was wrong. Her new K-9 partner growls in dead languages, smirks like he’s plotting world domination, and reacts to holy water like it personally insulted his ancestors. Because Malachi isn’t just a dog. He’s a centuries-old demon trapped in a canine body — morally black, dangerously clever, and very annoyed about it. The problem? Chuck doesn’t know any of that yet. She’s just a cop trying to survive long shifts, bad coffee, and a partner who may or may not be judging her soul. She definitely doesn’t know she’s part angel. And she absolutely isn’t prepared for the supernatural chaos headed straight for her life. When a well-meaning witch gives Malachi his body back, everything goes from “weird dog behavior” to full-blown celestial disaster.",,2026-02-06
54,Mate,Ali Hazelwood,,29773,$10.99,https://www.amazon.com/dp/B0DY3SL9FW,"The instant #1 New York Times bestseller! A Human hybrid and an Alpha Were claw against the bonds of fate in the highly anticipated companion novel to the New York Times bestselling Bride. Serena Paris is orphaned, pack-less, and one of a kind. Coming forward as the first Human-Were hybrid was supposed to heal a centuries-long rift between species. Instead, it made her a target, prey to the ruthless political machinations between Weres, Vampyres, and Humans. With her enemies closing in on her, she has only one option left—if he’ll have her. As Alpha of the Northwest pack, Koen Alexander commands obedience. His authority is so absolute, only a fool would threaten his mate. It doesn’t matter if Serena doesn’t reciprocate his feelings, nothing will stop him from keeping her safe. But power-hungry Vampyres and Weres are not the only threats chasing Serena. Sooner or later, her past is bound to catch up with her—and Koen might be the only thing standing between her and total annihilation…",Berkley,2025-10-07
55,Eclipsed Heart (Twisted Fate Trilogy Book 2),Jen L. Grey,,7569,$5.99,https://www.amazon.com/dp/B0CGK3B64M,"Fate made a mistake that we may never recover from. For seventeen years, I was the outcast of the Northwest Territory— the only wolf shifter who couldn’t shift or connect with the pack. Seen as worthless and weak. Leaving was my only escape. But everything changed the day I met Bodey, my sexy fated mate. With him by my side, magic surges through my veins, making me stronger than anyone. When marked queen, I wasn't ready for the throne... or the enemies brought with it. To protect my new pack, I must become a force that no one expects from me. Failure isn't an option; defeat means death. For Bodey and my pack, I'll challenge Fate herself.","Grey Valor Publishing, LLC",2023-10-19
56,Her Irish Dragons (Irish Shifters Book 3),Theodora Taylor,,19,$5.99,https://www.amazon.com/dp/B0FBSF6G1G,"""I'm dying for Her Irish Dragons after that Irish Bears cliffhanger!"" ""I will never forgive this author for the cliffhanger at the end of Her Irish Bears."" ""One star! I loved Irish Bears—but that cliffhanger!"" —Author interpretation of several reviews The highly anticipated FINAL book in the Irish Shifters trilogy is finally HERE! Go to Ireland, they said. It can only be you, they said. It'll be fun. Okay, okay, the king and queen of the Scottish Wolves didn't say that fun part. But I’m still trying to figure out why they’re sending me, a broke, recently unemployed, stuck-back-in-her-childhood-bedroom-opposite-of-a-diplomat she-wolf, to broker peace between them and the Irish Wolves. The Irish Bears hosting the summit specifically requested me, and they refuse to explain why they insisted it couldn't be anyone else.",etCH Entertainment,2026-03-07
57,The Ice Tyrant's Fated Mate (Hollow Earth Ice Dragons Book 1),Riley Storm,,194,$3.99,https://www.amazon.com/dp/B0GKYZRQC5,"In the Ice Kingdom the strong rule, and the weak end up in cages. At the top are the Elites, cruelest and most powerful of all dragons. Below everyone else are my besties and I. The Wing-Clipped. Dragons too weak to shift or be claimed by a mate. We’re who the cages and illegal markets were made for. Until the man with green eyes who smells like forever awakens my dormant dragon. It should be impossible. It is impossible. Because Clippys don’t have fated mates. Ever. Everyone knows that. Everyone except my dragon. She’s staking this one out as hers, and she doesn’t care what he or I think. It only gets worse when I discover who she calls our mate. Somehow she’s decided the Ice Tyrant is all ours. The strongest, most ruthless dragon in Hollow Earth … and me? Never gonna happen. Even",High House Press,2026-02-09
58,The War of Two Queens (Blood And Ash Book 4),Jennifer L. Armentrout,,58280,$8.99,https://www.amazon.com/dp/B0992Y537S,"War is only the beginning… From #1 New York Times bestselling author Jennifer L. Armentrout comes book four in her Blood and Ash series. From the desperation of golden crowns… Casteel Da’Neer knows all too well that very few are as cunning or vicious as the Blood Queen, but no one, not even him, could’ve prepared for the staggering revelations. The magnitude of what the Blood Queen has done is almost unthinkable. And born of mortal flesh… Nothing will stop Poppy from freeing her King and destroying everything the Blood Crown stands for. With the strength of the Primal of Life’s guards behind her, and the support of the wolven, Poppy must convince the Atlantian generals to make war her way—because there can be no retreat this time. Not if she has any hope of building a future where both kingdoms can reside in peace.",Blue Box Press,2022-03-15
59,Fated to the Feral Wolf: A Fated Mates Wolf Shifter Paranormal Romance (The Hunted Omegas Book 2),April L. Moon,,15323,$6.99,https://www.amazon.com/dp/B0CQQFZ28W,"I never would have seen him coming, not in a million years. Feral. Growling. Terrifying. Until my wolf claimed him as hers. Shay I'm a lot of things; a loyal best friend, music lover, introvert. All labels I'd happily claim as mine. Survivor of abuse, I'll claim because it's true, and I'm a survivor. But fated mate? That one feels like an ill-fitting glove. Especially when said mate has been feral for years, and nobody knows what sent him over the edge, let alone how to get him back. But there's no denying my wolf, and she wants him. So what's a girl to do? Bathe the stinky wolf if he's going to sneak into my bed and then play him Mozart until dawn. Obviously. But a fated mate connection is a once in a lifetime bond. And if he can't turn back into a man . . . will I be alone forever, even with him at my side? Dirge I've been on the run for so many years, I don't remember how to be a man, not really. But Shay calls to that part of me, the part I hid away so long ago. She's everything a man could want. Gorgeous, intelligent, and funny, all wrapped into a stunning, shyly sweet package. There's nothing under the moon I want more than to hold her in my arms. That's the problem, though; if I give into the urge, if I change back and take her as mine . . . I sign her death warrant. The fates have foretold it, and the only way I can save her is to never go back, no matter how badly it hurts. To save her, I have to stay a wolf.",Thigpen-Gandy Publishing,2024-07-23
60,Fearless Bond (Bears of Beauville Book 1),Roe Horvat,,1082,$0.99,https://www.amazon.com/dp/B0DK1T1XPT,"Calvin When my ex kicks me out of the car in the middle of nowhere, I’d rather freeze than wait for him to come back. I hike through the snowy forest, aiming for a tiny mountain town I know nothing about. I’m losing my strength when a guy on a four-wheeler finds me, wraps me in a parka, and brings me to his home. He’s huge and scary-looking, but the longer he lets me stay, the more I like him. Under his grumpy façade, Barclay Black is a teddy bear. Barclay Bear shifters don’t hibernate, but sometimes I wish we could. The upcoming winter has made me cranky. I come off a bit harsh when I find a human stumbling through the forest, because who goes hiking in the snow without proper gear? The poor omega isn’t a tourist, though. Calvin needs a place to stay and someone to protect him, and before I can question myself, he has me wrapped around his little finger. I keep telling myself that he’s vulnerable and too young for me… until I realize he wants me, too. .",,2024-11-12
61,Her Soul to Take (Souls Trilogy),Harley Laroux,,41464,$4.99,https://www.amazon.com/dp/B08WJHGH2T,"Leon I earned my reputation among magicians for a reason: one wrong move and you're dead. Killer, they called me, and killing is what I'm best at. Except her. The one I was supposed to take, the one I should have killed - I didn't. The cult that once controlled me wants her, and I'm not about to lose my new toy to them. Rae I've always believed in the supernatural. Hunting for ghosts is my passion, but summoning a demon was never part of the plan. Monsters are roaming the woods, and something ancient - something evil - is waking up and calling my name. I don't know who I can trust, or how deep this darkness goes. All I know is my one shot at survival is the demon stalking me, and he doesn't just want my body - he wants my soul. Her Soul to Take is book 1 in the Souls Trilogy. Each book within the Souls Trilogy is interconnected, following a different couple through a similar timeline in the fictional world of Abelaum. Content Note This book contains sexual scenes, kink/fetish content, horror elements, drug use, and depictions of hard kink/edgeplay. Please see the book preview for complete CW.",,2021-04-10
62,Witches With Benefits (A Nightshade Detective Agency Cozy Mystery Book 1),Amanda M. Lee,,1846,$4.99,https://www.amazon.com/dp/B0FCDS2SSG,"Freya Holmes is unique in an already eccentric city. New Orleans may be a paranormal mecca but even in a world where every type of shifter and witch is commonplace, a vampire-witch hybrid is something to worship … and fear. Freya has never been interested in her parents’ opulent world. She finds her power in magic, which is why she formed Nightshade Detective Agency in the first place. She’s interested in helping people … even when that help might come at the cost of her life. Knox Cullen grew up on the poor side of New Orleans. His shifter genes allowed him to climb out of poverty and embrace a certain lifestyle as a paranormal bounty hunter. He can take a punch and throw one. He’s not ready for Freya, though. When a local mobster ends up dead and the culprit appears to be a supernatural assassin, both Freya and Knox are on the case. Unfortunately, they have no intention of working together and two hard heads don’t make for a soft landing. Freya has her hands full. In addition to Knox, who is hiding something big, there’s a paranormal investigation unit seeking a partnership that takes advantage of her hard work and their impressive reach. The Legacy Foundation has quite the reputation, as do the two people—Charlie and Jack—who approach her with an offer she might not be able to refuse. Can she trust them? Can she trust anybody? The clock is ticking. Freya needs to save the French Quarter. Sadly, she might lose herself in the process.",WinchesterShaw Publications,2026-02-03
63,Blood Oath: A Paranormal Reverse Harem Romance (Cursed Legacies Book 1),Morgan B Lee,,20219,$3.99,https://www.amazon.com/dp/B0CRTHWGQS,"Everbound University is the mandatory graduate school for anything that goes bump in the night. Not going isn’t an option, unless you want to be hunted down for illegally inhabiting the mortal world. All legacies—the descendants of the Four Houses—are required to attend because we’re all cursed, and the only way to break our curses is through binding our hearts in a quintet. Becoming part of a quintet is a dream come true. Destiny fulfilled. A gods-given, merciful blessing. For me, it’s a hard pass. I can’t be bound to anyone else. Trust me, it wouldn’t end well. So when I’m placed in a quintet, I promptly reject all four of my matches for their own good. But these powerful, gorgeous, high-profile legacies have no idea how to handle rejection, because… The cutthroat blood fae shows me his soft side. The charming dragon shifter won't leave me alone. The unhinged nightmare prince calls me darling. And the gorgeous ice elemental is as overprotective as he is cold.",,2024-03-01
64,Crowned by the Enemy Vampire,Michele Mills,,286,$3.99,https://www.amazon.com/dp/B0G3Y1RBHF,"I’ve had a crush on the vampire king since I was fourteen years old. That poster came down years ago, obviously. I’m a grown woman now, saddled with a useless degree and fifty-seven thousand dollars in student debt. So when I take a high-paying job as a maid in the Krovenian royal castle, I definitely don’t expect to be assigned to clean the King’s private chambers. The same king I called an “arrogant, condescending asshole” on my third day of work. And instead of firing me, he requested me as his personal maid. Something doesn’t add up. He’s cold, criticizes my dusting and calls humans stupid. But his people adore him, and every time he catches me looking, his fangs extend and his eyes go dark. Then I discover the truth…and walk into a snowstorm to save him from myself. He carries me back. “You’re my mate,” he growls. “No, I’m... I’m your maid,” I whisper. His eyes flash pure black. “Not anymore.”",,2026-02-24
65,Raw: A Rejected Mate Omegaverse,Kayleigh King,,1443,$4.99,https://www.amazon.com/dp/B0GHJM1JR6,"From USA Today Bestselling Author Kayleigh King comes the next angsty installment in a fated mate shifter omegaverse series. ""An Alpha's loyalty to his pack should be second to only one. His mate."" NOA Blood stains the walls of my sanctuary, and nothing feels safe anymore. The enemy finally has a face, but every truth uncovered leaves me with more questions. While danger closes in, I’m rotting from the inside. Dying from my mate’s rejection. Rennick swears he’ll fix what he broke. But how do I trust the Alpha who already shattered my heart? RENNICK I was made to protect her, but I was the one who ruined her. Now I’ll burn every alliance and sacrifice everything to mend what I destroyed. Noa’s trust doesn’t come easily, not when her heart still carries the scars of my betrayal. But time is running out. Her body is failing. Our people are being hunted. And the bond I fractured is the only thing strong enough to hold her here.",,2026-01-18
66,Bride,Ali Hazelwood,,62977,$9.99,https://www.amazon.com/dp/B0C9GQV1TT,"#1 Indie Next Pick! A Hall of Fame LibraryReads pick! One of People’s Best Books to Read in February A dangerous alliance between a Vampyre bride and an Alpha Werewolf becomes a love deep enough to sink your teeth into in this new paranormal romance from the #1 New York Times bestselling author of Love, Theoretically and The Love Hypothesis. Misery Lark, the only daughter of the most powerful Vampyre councilman of the Southwest, is an outcast—again. Her days of living in anonymity among the Humans are over: she has been called upon to uphold a historic peacekeeping alliance between the Vampyres and their mortal enemies, the Weres, and she sees little choice but to surrender herself in the exchange—again... Weres are ruthless and unpredictable, and their Alpha, Lowe Moreland, is no exception. He rules his pack with absolute authority, but not without justice. And, unlike the Vampyre Council, not without feeling. It’s clear from the way he tracks Misery’s every movement that he doesn’t trust her. If only he knew how right he was…. Because Misery has her own reasons to agree to this marriage of convenience, reasons that have nothing to do with politics or alliances, and everything to do with the only thing she's ever cared about. And she is willing to do whatever it takes to get back what’s hers, even if it means a life alone in Were territory…alone with the wolf.",Berkley,2024-02-06
67,Brownies for My Grumpy Bunny: A Cozy Monster Romance (Fairhaven Falls),Honey Phillips,,700,$4.99,https://www.amazon.com/dp/B0FZ6T7DQB,"She’s sweet, stubborn, and far too tempting. He’s big, grumpy, and determined not to fall. Sara Cartwright came to Fairhaven Falls for a fresh start—quiet mornings, kind neighbors, and maybe a few furry friends hopping through her garden. She wasn’t expecting her next-door neighbor to be six-foot-plus of scowling muscle and twitching ears. Ben Hollowell likes his peace, his pub, and his solitude. The last thing he needs is a relentlessly cheerful kindergarten teacher moving in next door with flower boxes, laughter, and curves that make his pulse race. But when Sara’s warmth starts melting his defenses—and her brownies start showing up at his door—Ben finds himself craving things he swore he didn’t need. Will spring in Fairhaven Falls turn out to be mating season for the most reluctant of bunnies? Each book in the Fairhaven Falls series can be read as a standalone. This sweet and steamy small town romance is intended for mature readers.",,2026-02-22
68,Hidden Within the Secret Heart (Desperate Disguise Book 4),Tessa Cole,,267,$4.99,https://www.amazon.com/dp/B0DZJ1TZFB,"Trapped between two worlds and safe in neither… Crane escaped justice, and now he’s hunting me through the High Priestess’s court. I’m trapped in the Divine Residence, spirit-linked to a knight I don’t trust, and the newest plaything to the most powerful woman in the fae realm. I can’t refuse her demands, can’t stop manifesting in the Garden when I go to bed, and can’t reveal that my mating marks have been put to sleep… or that I’m human. To make matters worse, the novices tormenting me in the Black Tower have gone eerily silent. They’re planning something and I’m afraid I won’t survive their retribution. On top of that, the leaders of the Black Guard have sworn to protect me while I’m in the Garden: the fierce Lord Commander Rider, the charming Lord Quill, and the beautiful Talon. But I can’t forget how they turned their backs on me when I needed them most in the Gray, and it’s difficult to remember what I should and shouldn’t know about them to keep my secrets. Everything is getting more complicated, and I yearn for the one person who makes me feel safe, who I can trust. Ash. Except he’s been banned from the Divine Residence and I’ve no way of getting to him. It’s too soon for it to all fall apart. If I can’t survive the novices’ revenge, the High Priestess’s games, and the predator hunting me, my sacrifice to save my brother will have been for nothing…",Gryphon's Gate Publishing,2026-03-03
69,A Light in the Flame: A Flesh and Fire Novel,Jennifer L. Armentrout,,34088,$8.99,https://www.amazon.com/dp/B09YMS96FN,"From #1 New York Times bestselling author Jennifer L. Armentrout comes book two in her Flesh and Fire series… The only one who can save Sera now is the one she spent her life planning to kill. The truth about Sera’s plan is out, shattering the fragile trust forged between her and Nyktos. Surrounded by those distrustful of her, all Sera has is her duty. She will do anything to end Kolis, the false King of Gods, and his tyrannical rule of Iliseeum, thus stopping the threat he poses to the mortal realm. Nyktos has a plan, though, and as they work together, the last thing they need is the undeniable, scorching passion that continues to ignite between them. Sera cannot afford to fall for the tortured Primal, not when a life no longer bound to a destiny she never wanted is more attainable than ever. But memories of their shared pleasure and unrivaled desire are a siren’s call impossible to resist. And as Sera begins to realize that she wants to be more than a Consort in name only, the danger surrounding them intensifies. The attacks on the Shadowlands are increasing, and when Kolis summons them to Court, a whole new risk becomes apparent. The Primal power of Life is growing inside her, pushing her closer to the end of her Culling. And without Nyktos’s love—an emotion he’s incapable of feeling—she won’t survive her Ascension. That is if she even",Blue Box Press,2022-11-15
70,Fated to the Scarred Wolf: A Fated Mates Wolf Shifter Paranormal Romance (The Hunted Omegas Book 5),April L. Moon,,4384,$6.99,https://www.amazon.com/dp/B0F4L1KV2F,"She was my angel, and I was her devil. Maybe that’s how it was always meant to be. Lucien The quiet little healer? She can’t be my mate. My wolf was desperate—we were dying. Poisoned. Tortured. It's the only explanation. But when I wake up, she’s there at my side, and my wolf is nearly feral trying to get to her, stake his claim on her. But I push her away, because it’s all too much, too soon. I’m not worthy of a mate. Especially not now that I’m scarred. I’m too broken, too ugly, too mean. Anything good in me was burned out a long time ago. No, she’s better off without me. Now I just have to convince my wolf to let her go. Olivia",Thigpen-Gandy Publishing,2025-10-21
71,Chosen Destiny (Twisted Fate Trilogy Book 3),Jen L. Grey,,6265,$5.99,https://www.amazon.com/dp/B0CJ7GFBHG,"Fate has once again torn my world apart, leaving me shattered. For years, I've lived with a cold void, clueless about my life before joining my childhood pack. Just as the secrets of my past were about to be unveiled, tragedy struck. The one person who held the key to unlocking my memories was taken from me, and with them, my fated mate, Bodey—leaving me exposed and fractured. But in this darkness, an unexpected truth emerges. The very act that was meant to weaken me has instead awakened a fierce strength. A primal wolf, hidden deep within, surges forward, driven by a relentless desire to rescue Bodey and protect my people. My resolve is unyielding—I will do whatever it takes to reclaim my mate and keep my people safe. Even if it means walking into the jaws of danger. The battle lines are drawn, and I'm ready to fight everyone that’s screwed me over.","Grey Valor Publishing, LLC",2023-12-07
72,Born of Blood and Ash: A Flesh and Fire Novel,Jennifer L. Armentrout,,15374,$8.99,https://www.amazon.com/dp/B0CFM9PSV7,"From #1 New York Times bestselling author Jennifer L. Armentrout comes the thrilling conclusion to her beloved Flesh and Fire series… The line between love and obsession has never been wider. While Sera is finally free of Kolis and back with those she loves, not everything is calm. Memories of all she’s endured still haunt her, but Sera finally has hope for a future with the other half of her heart and soul. Nyktos desires, loves, and accepts every part of her—even the monstrous bits she still battles. More than ever, Sera and Ash have everything under the realms to fight for, and Nyktos has no doubt Sera is fit to be the Queen of the Gods. But she must find that faith within herself if they hope to convince the other Courts to support them against Kolis and make Iliseeum and the mortal realm better, safer places for all. But as Sera begins to piece together the importance of her bloodline and the true meaning behind the foreboding prophecy, it becomes clear that everything that has happened and is yet to come is much bigger than Kolis and his dark obsessions. They cannot help but wonder exactly how much influence the Fates have had and what their ultimate goal is. What Sera",Blue Box Press,2024-08-13
73,Mated to the Alpha Squad: Reverse Harem Shifter Romance (Pack Up and Love Me),Ella Hartwell,,740,$2.99,https://www.amazon.com/dp/B0G5GVJMQG,"I thought I was giving a spa day to three very large, very grumpy stray dogs. Turns out, I was accidentally claiming the city’s most dangerous Alpha pack. My name is Penny, and I’m the best dog groomer in the tri-state area. I can tame a biting Chihuahua with a look and turn a matted mess into a show pony in under an hour. So, when three massive, majestic wolves wandered into my shop looking like they’d been dragged through a sewer, I didn’t call Animal Control. I called for the premium blueberry shampoo. I scrubbed them. I blow-dried them. I may have put a jaunty little bandana on the biggest one. And then… I found The Spot. You know the one. That magic little nerve ending behind the ear that makes a dog’s leg kick? Well, apparently, when you hit that spot on a shifter stuck in wolf form, it doesn’t just make their leg kick. It accidentally triggers a soul-deep mating bond. Whoops. Now, three gorgeous, intense, and terrifyingly familiar men are stalking my shop.",,2025-12-06
74,Savage Fae (Ruthless Boys of the Zodiac Book 2),Caroline Peckham,,34947,$6.99,https://www.amazon.com/dp/B07ZFJLSX3,"There's more to my brother's murder than I realised... Shadows in the halls, mysteries lurking around every corner. Whoever killed him is covering their tracks well. And now I'm walking a dangerous line between getting close to the four kings for information and wanting to crawl deeper under their skin for my own desires. I can't trust anyone. I can't let my guard down. And I must keep the urges of my body separate from my heart. But I'm starting to break all of my own rules. I just hope I'm not falling for my brother's killer.",King's Hollow,2019-12-06
75,Mate abandoned by Alpha: A Rejected Fated Mate Secret Pregnancy Paranormal Romance (The Forsaken Mate Saga Book 1),Gertty Rudraw,,1736,$2.99,https://www.amazon.com/dp/B0G5Y2C98H,"I showed up at my mate’s private villa to tell him I was pregnant… only to catch him shirtless, holding a woman wrapped in his blanket—calling her “my Luna.” And when she turned around, I froze. It was Liv. The woman the entire pack thinks I pushed off a cliff. The woman my mate mourned for six months. The woman he now swears he “always loved.” Elias didn’t deny it. Didn’t explain. Didn’t even look surprised. He just tightened his arm around her and said the words that shattered me: “Let’s divorce. Liv is the one I should’ve chosen.”",,2025-12-24
76,A Claim of Fortune (Shifter City Fated Mates Book 3),Jaymin Eve,,7253,$5.99,https://www.amazon.com/dp/B0DVHT61DB,"Not only did I not avoid fate, I actively taunted it, and now we’re all in trouble. I spent my life running only to find out that what I ran from was the one thing I needed to survive: my pack. A perfect quintet. That was until an unexpected dragon shifter crashed into my world and changed the dynamics. Now I’m irrevocably tied to Talon, a fifth alpha, and one who’s under the control of a power hungry and evil shifter. A shifter who wants to destroy the cities and return us to a single alpha rule. My instincts tell me that Talon belongs in my pack with Hunter, Slade, Kellan, and Finley, but the hurdles we must overcome feel insurmountable. Especially with tainted magic breathing down our necks, and betrayal around every corner. It’s a race for survival. Not only for our pack, but the entire shifter world. But I know we’re strong enough.",,2025-06-06
77,Mage Storm: A why choose paranormal academy romance (Starfall Academy Book 2),Lyra Mishon,,988,$4.99,https://www.amazon.com/dp/B0G21K7DWC,"Demons are liars, right? I hope they are, or my witchy life is about to get a million times harder. Sadly, I’m going to have to stick a pin in the whole ugly demons spewing unsubstantiated nonsense about my murky heritage problem. I have a sexy vampire prince to rescue. If we don’t find my undead fifth soul-bonded mate soon, my heart will shatter. And that’s not all… As if my lost mate and marauding demons hellbent on kidnapping me weren’t bad enough, the storm mage loathes me, my flirty incubus doesn’t understand the meaning of the word ‘boundaries’, and my snarky familiar needs a serious attitude adjustment. The goddess knows I’m not afraid of a challenge, but it looks like I’ll need the grumpy storm mage’s help for the perilous journey that lies ahead. And guess what?",,2026-01-27
78,A Curse of Fate (Shifter City Fated Mates Book 1),Jaymin Eve,,14868,$4.99,https://www.amazon.com/dp/B0DJPY9X38,"A new romantasy from Wall Street Journal and USA Today bestseller Jaymin Eve. I'm a shifter who can never bond with a pack. Not if I want to live. The day I watched my mom's pack destroy her, was the day I knew I had to run from the shifter cities. Mom and I share the same designation, which means we'll share the same fate. For ten years I hide from the cities and the alphas who control them. Until my luck runs out. Dragged to Golden Claw against my will, they charge me as a rogue. I'm facing death until one of the strongest alphas in the city scents me as his match. Scents me... and claims me. Even worse? He's part of the most powerful pack of alphas the cities have ever seen.",,2024-10-31
79,Grimm Curiosities,Sharon Lynn Fisher,,4459,$2.49,https://www.amazon.com/dp/B0CT9SVLNR,"In Victorian England, a young woman inherits her father’s curiosity shop and all its ghostly secrets in a bewitching novel by the author of Salt & Broom. It’s 1851 in old York. Lizzy Grimm struggles to save her late father’s charmingly creepy yet floundering antique shop, Grimm Curiosities. Then, during a particularly snowy December in this most haunted city in England, things turn…curiouser. Lizzy meets Antony Carlisle, whose sister suffers from the same perplexing affliction as Lizzy’s mother—both stricken silent and unresponsive after speaking with ghosts. Working closely together to fathom what power has transformed their loved ones and why, Lizzy and Antony discover an important clue: her father’s treasured set of rare books on ancient folktales, enchantments, and yuletide myths. Books that a persistent collector is awfully keen to purchase. Books Lizzy can’t bear to sell. Every bewitching passage and illustration opens a doorway to something ancient and dangerously inviting. Keys to a mystery Lizzy and Antony are compelled to solve—even if doing so means unleashing one of this bright holiday’s darkest myths.",47North,2024-11-05
80,Court of Lust: A Bully Fantasy Reverse Harem Romance (Their Dragon Rider Book 3),Lacey Carter Andersen,,1498,$3.99,https://www.amazon.com/dp/B0FTGP7P5K,"What happens when multiple sexy men all want me for themselves? I get them to learn to share… I can’t believe how much has happened since I joined the dragon riders’ academy. My small-town life as a healer is gone, and I’m living in a world of dragons and royalty. Except, these royals all want the same thing. Me. And I’m not about to choose just one of them, when I’m being pulled to all of them. Unfortunately, these stubborn boys have never learned to share, but they’re about to. We can’t spend our time fighting amongst ourselves when we have our enemies, the Hollowborn, to deal with. If we can’t agree on a way to handle the Hollowborn, we may just find ourselves in another war. A war that will lead to death and destruction all across our kingdom. Our people are counting on us, and we must all stand together, or we’ll fall together instead. COURT OF LUST is a reverse harem bully romantasy. It is high heat, with a confident, sarcastic heroine and jealous and possessive alpha men.",Phoenix Press LLC,2026-01-09
